Tamanho da População,Taxa de Crossover,Taxa de Mutação,Média,Desvio Padrão,Mediana,Melhor,Pior
20.000000,0.500000,0.100000,0.008253,0.008153,0.005533,0.000296,0.040452
20.000000,0.600000,0.200000,0.024957,0.023846,0.014199,0.000587,0.095287
20.000000,0.700000,0.300000,0.035952,0.037870,0.023131,0.001047,0.169801
20.000000,0.800000,0.400000,0.061056,0.052575,0.048371,0.003488,0.168078
