Tamanho da População,Taxa de Crossover,Taxa de Mutação,Média,Mediana,Pior,Melhor
20.000000,0.500000,0.100000,0.007278,0.006538,0.032822,0.000374
30.000000,0.500000,0.100000,0.005420,0.004878,0.011818,0.000529
40.000000,0.500000,0.100000,0.004027,0.003861,0.012524,0.000015
50.000000,0.500000,0.100000,0.004189,0.003422,0.013660,0.000288
