Tamanho da População,Taxa de Crossover,Taxa de Mutação,Média,Mediana,Mínimo,Máximo
20.000000,0.500000,0.100000,11.247643,10.448544,8.756420,16.552936
30.000000,0.500000,0.100000,15.224012,14.364291,12.346819,21.996316
40.000000,0.500000,0.100000,22.655459,22.006934,18.830499,29.747995
50.000000,0.500000,0.100000,30.570223,30.420575,23.736612,46.610591
