Tamanho da População,Taxa de Crossover,Taxa de Mutação,Média,Mediana,Mínimo,Máximo
20.000000,0.500000,0.100000,10.365741,10.464123,8.070338,12.574273
20.000000,0.600000,0.200000,15.158930,15.829370,9.236123,23.076406
20.000000,0.700000,0.300000,10.838504,10.723953,8.346593,16.720969
20.000000,0.800000,0.400000,11.002037,10.393336,8.020653,16.729023
